kelas,energy_low,energy_high,energy_total,ratio_lh
tomat leafmold,58087563696537.6,469964062720.0,58557527759257.6,145.2065973637453
tomat sehat,54778797647462.4,1065675698995.2,55844473346457.6,65.32643161381604
