kelas,energy_low,energy_high,energy_total,ratio_lh
pitted surface,72654273275494.4,166408019148.8,72820681294643.2,473.1320274984024
scratched surface,22576934001049.6,76818908774.4,22653752909824.0,412.3148905489205
