radius_pct,mean_ratio_pitted,mean_ratio_scratched,abs_diff_ratio
0.2,1100.3518805662486,1211.9127433892786,111.56086282302999
0.08,423.64568447886967,317.8109031935973,105.83478128527236
0.1,473.1320274984024,412.3148905489205,60.81713694948189
0.15,688.593918714566,734.5314132382083,45.93749452364227
